0, .height 0, .ground 99, .railstart 1;4;0;2000
;;;Starting houses downslope, 

0, .railtype 0;2000, .railtype 1;2000, .dike 0;-1;4
0, .railstart 6;18.5;4;2001, .railstart 8;-5;0;2001, .dike 8;1;23, .wall 6;-1;105, .dike 6;1;4, .railstart 7;28.5;4.01;39, .railstart 9;31.5;0;2001, .wall 7;-1;841, .dike 9;1;0
200, .freeobj 0;99;0;0;-40, .freeobj 7;$Rnd(179;190);-1;0;90
225, .rail 7;27.5, .freeobj 0;1020;-4, .freeobj 0;1009;-4.1;4.3, .SigF 3;1;-4.1;4.5, .Section 0;2;4, .freeobj 0;99;-10;0;-40
250, .rail 7;26.5, .railtype 0;2001, .freeobj 0;1338, .freeobj 0;99;-20;0;-40, .freeobj 0;606;-12;-0.5;0;20, .dikeend 9, .freeobj 7;$Rnd(179;190);3;0;-90
255, .freeobj 0;602;-20;-0.5;0;-20
260, .freeobj 0;606;-28;-0.5;0;20, .freeobj 7;358;21;2;-90
275, .rail 7;25.5, .railtype 0;2000, .railstart 5;-7;-0.05;2001, .dike 5;-1;21, .dike 0;1;22, .freeobj 7;$Rnd(179;190);-1;0;90
285, .freeobj 7;358;21;2;-90
300, .curve 0;0, .railstart 2;-4;0;2000, .rail 7;24.5, .freeobj 2;1338;0;0;180, .dikeend 0
310, .freeobj 7;358;21;2;-90
325, .curve 2000;4.28, .rail 7;23.5, .railtype 0;2016, .railtype 1;2016, .railtype 2;2016, .dike 9;1;0, .freeobj 2;1020;-3.5;0;180, .freeobj 2;1003;-3.6;4.5;180, .freeobj 7;$Rnd(179;190);3;0;-90
350, .curve 1500;5.75, .rail 7;22.5, .railtype 0;2013, .railtype 1;2013, .railtype 2;2013
375, .curve 1000;8.55, .rail 7;21.5, .railtype 0;2011, .railtype 1;2011, .railtype 2;2011, .freeobj 7;$Rnd(179;190);3;0;-90
400, .curve 800;10.68, .rail 7;20.5, .railtype 0;2009, .railtype 1;2009, .railtype 2;2009, .dikeend 9, .freeobj 7;1634;15;2, .freeobj 7;$Rnd(179;190);-1;0;90
425, .rail 7;19.5, .freeobj 7;1634;15;2
450, .rail 7;18.5, .dike 9;1;0, .freeobj 7;$Rnd(179;190);-1;0;90
550, .dikeend 9, .freeobj 7;$Rnd(179;190);3;0;-90
565, .freeobj 7;379;50;2
570, .freeobj 7;606;12;0.5;0;0;-10
600, .curve 1000;8.55, .railtype 0;2011, .railtype 1;2011, .railtype 2;2011, .freeobj 7;606;12;0.5;0;0;-10, .freeobj 7;$Rnd(179;190);3;0;-90
625, .curve 1500;5.75, .railtype 0;2013, .railtype 1;2013, .railtype 2;2013, .dike 9;1;0, .freeobj 7;$Rnd(179;190);-1;0;90
650, .curve 2000;4.28, .railtype 0;2016, .railtype 1;2016, .railtype 2;2016
675, .curve 2500;3.42, .freeobj 7;$Rnd(179;190);-1;0;90
775, .curve 0;0, .railtype 0;2000, .railtype 1;2000, .railtype 2;2000, .freeobj 7;$Rnd(179;190);3;0;-90
800, .railstart 3;-12;0;2000, .rail 5;-15, .wall 7;1;841, .freeobj 7;$Rnd(179;190);3;0;-90
805, .freeobj 3;18;-0.3;0;180
825, .rail 3;-11.5, .rail 5;-14.5, .railend 9, .dikeend 9, .wallend 7, .railstart 9;30.5;3.75, .wall 9;1;37, .freeobj 7;$Rnd(179;190);-1;0;90
850, .rail 3;-10.75;0;2016, .rail 5;-13.75, .freeobj 7;$Rnd(179;190);3;0;-90
875, .rail 3;-9.75;0;2000, .rail 5;-12.75
900, .rail 3;-8.75;0;2010, .rail 5;-11.75, .freeobj 7;$Rnd(179;190);-1;0;90
925, .rail 3;-8;0;2000, .rail 5;-11
975, .curve -2000;-4.28, .railtype 0;2015, .railtype 1;2015, .railtype 2;2015, .railtype 3;2015, .freeobj 7;$Rnd(179;190);3;0;-90
1000, .railtype 1;2001, .freeobj 1;1328, .rail 9;35, .freeobj 7;$Rnd(179;190);-1;0;90
1010, .freeobj 7;13;15, .freeobj 0;1035;3, .freeobj 0;1036;0.5;4.5, .freeobj 0;1009;-0.5;5.3, .freeobj 0;1000;-4.5;5.3, .freeobj 0;1037;-3.8;4.5, .SigF 3;1;-0.5;5.5, .Section 0;2;4
1013, .freeobj 0;1030;-1.8;-0.7;-90
1017, .freeobj 0;1030;-1.8;-0.7;-90
1020, .freeobj 7;13;15, .freeobj 7;$Rnd(179;190);3;0;90
1021, .freeobj 0;1030;-1.8;-0.7;-90
1025, .rail 9;40, .freeobj 0;1032;0;0.2, .freeobj 0;1030;-1.8;-0.7;-90, .freeobj 7;$Rnd(179;190);-1;0;90, .freeobj 7;$Rnd(179;190);-1;0;90
1029, .freeobj 0;1031;-1.8;-0.7;90
1030, .freeobj 7;13;15
1040, .freeobj 7;13;15
1050, .railtype 0;2001, .railtype 1;2015, .rail 9;45, .freeobj 7;13;15, .freeobj 7;$Rnd(179;190);3;0;-90
1060, .freeobj 7;13;15
1070, .freeobj 7;13;15
1075, .rail 9;50, .freeobj 7;601;30;-5, .freeobj 7;$Rnd(179;190);-1;0;90
1090, .freeobj 7;13;15, .freeobj 1;1032;0;0.2;180
1100, .railtype 0;2000, .rail 9;55, .freeobj 0;1327;0;0;180.72, .freeobj 7;13;15, .freeobj 7;$Rnd(179;190);3;0;-90

1125, .curve 0;0, .railtype 0;2001, .railtype 1;2000, .railtype 2;2000, .rail 9;60, .freeobj 0;1326, .freeobj 7;379;45;0, .freeobj 7;$Rnd(179;190);-1;0;90

1150, .rail 9;65
1175, .railtype 2;2001, .railtype 0;2000, .railtype 6;21, .rail 9;70
1200, .rail 7;30, .railend 9;75, .wallend 9
1225, .freeobj 7;13;-13;-1.5, .rail 7;45, .railtype 2;2000, .freeobj 2;1326;0;0;180
1227, .freeobj 0;1031;-1.8;-0.7;-90
1231, .freeobj 0;1030;-1.8;-0.7;-90
1235, .freeobj 7;13;-13;-1.5, .freeobj 0;1030;-1.8;-0.7;-90
1239, .freeobj 0;1030;-1.8;-0.7;-90
1245, .freeobj 7;13;-13;-1.5
1250, .rail 7;60, .dike 0;1;4, .freeobj 2;1326, .railtype 2;2001
1255, .freeobj 7;13;-13;-1.5
1265, .freeobj 0;601;12;-10;0;0;-13
1275, .railend 7;75, .rail 6;22;2, .freeobj 0;13;7.5
1285, .freeobj 0;13;7.5
1295, .freeobj 0;13;7.5
1300, .rail 6;26.5;0, .railtype 3;2001, .railtype 2;2000, .freeobj 0;606;18;-1
1305, .freeobj 0;13;7.5
1315, .freeobj 0;13;7.5
1325, .curve 1500;5.35, .rail 6;32.5, .railtype 0;2013, .railtype 1;2013, .railtype 2;2001, .freeobj 2;1324, .freeobj 0;13;7.5, .freeobj 2;1032;-0.2;0.1;180

1340, .freeobj 3;1038;0;0.2
1350, .rail 3;-8.2;0;2013, .freeobj 3;1326;0;0;178.56, .railend 6;38.5, .railstart 30;38.5;0;21, .wall 30;1;46, .dike 30;1;4, .freeobj 0;733, .freeobj 2;1038;0;0.1
1375, .railtype 0;2001, .railtype 2;2012, .railtype 3;2012, .freeobj 0;13;9.5, .dikeend 0, .dike 2;1;4
1385, .freeobj 0;13;9.5
1395, .freeobj 0;13;9.5, .freeobj 0;1031;-3;-0.7;90
1400, .rail 2;-4.71;0;2013, .rail 3;-8.71;0;2013, .rail 6;19;0;2001, .wall 6;0;57, .freeobj 3;1038;0
1405, .freeobj 0;13;9.5
1425, .rail 2;-5.88;0;2000, .rail 3;-9.88, .railtype 0;2013, .rail 5;-16, .freeobj 0;1325;0;0;179.05, .freeobj 0;1651;12;-0.7
1450, .rail 2;-6.88;0, .rail 3;-10.88, .dikeend 0, .dikeend 2, .dikeend 5, .railend 5;-25, .wall 1;1;11, .crack 0;2;2, .railstart 28;-14;0;2001, .crack 28;3;4
1465, .freeobj 0;606;12;-3;0;0;-10
1475, .rail 2;-7.84;0;2015, .rail 3;-11.84;0;2015, .rail 6;22;0, .rail 30;41.5, .crack 0;2;2, .rail 28;-24, .crack 28;3;4
1500, .rail 2;-9.22;0;2000, .rail 3;-13.22;0;2000, .rail 6;25;-2, .rail 30;44.5;-2, .crack 0;2;2, .rail 28;-37, .crack 28;3;4, .freeobj 3;601;-13;-5
1520, .freeobj 3;606;-10;0;0;0;10
1523.8, .freeobj 2;1333;0;0.01
1525, .rail 2;-11.51;0;2001, .rail 3;-15.22;0;1021, .rail 6;15;-3.8, .rail 30;34.7;-3.38, .crack 0;2;2, .rail 28;-52, .crack 28;3;4
1550, .railend 8, .dikeend 8, .ground 5, .rail 2;-14.24;0;2005, .rail 3;-20.22;0;2001, .railstart 12;-16.35;0;2001, .freeobj 12;1331, .freeobj 3;1333;0.05;-0.01, .crack 0;2;2, .rail 28;-64, .crack 28;3;4, .freeobj 3;99;0;-15
1575, .rail 2;-16.5;0;2001, .railend 3;-27.5, .railstart 3;-27.45;0;1023, .crack 12;2;2, .railend 12;-23, .railstart 13;-21;0;2001, .freeobj 13;1333;-0.05, .crack 0;2;2, .freeobj 2;1332
1575, .railstart 23;-23.0;0;1023, .railstart 26;-29.63;-0.02;1043, .crack 28;3;4, .railend 28;-79
1600, .rail 2;-17, .railend 3;-36.8, .railstart 3;-36.95;0.01;1037, .railstart 4;-17;0;2001, .railstart 11;-18.95;0;1020, .rail 13;-24.4, .freeobj 13;1333;-0.05, .freeobj 2;1339, .crack 0;2;2, .crack 11;2;2
1600, .railstart 22;-26.4;0;1023, .rail 23;-31.5;0;2001, .freeobj 23;1333, .rail 26;-41.5;0;2001, .freeobj 26;1337;-0.1, .freeobj 1;1020;4;0;180, .freeobj 1;1003;4.1;4.5;180, 
1625, .freeobj 2;1329, .rail 3;-49.5;0;2001, .rail 4;-15;0;1023, .rail 11;-22.5;0;1027, .rail 13;-28.05, .freeobj 13;1334;-0.055;0.001, .freeobj 3;1334, .crack 0;2;2, .crack 11;2;2
1625, .railstart 21;-30.05;0;2004, .railend 22;-35.05, .railstart  22;-35.28;0;1035, .railend 23;-41.5, .railstart 23;-41.55;0;1039, .railstart 24;-43.9;0;1034, .railend 26;-55, .railstart 26;-55.4;0;36, .railstart 27;-57.9;0;37
1625, .crack 21;11;4, .freeobj 4;1033;1;0;180
1635, .freeobj 11;1020;2;-0.4;180, .freeobj 11;1000;2;3.8;180
1650, .rail 2;-16.5;0;1028, .rail 4;-12.7;0;2013, .railstart 5;-18.5;0;2001, .rail 11;-27;0;1027, .rail 13;-32.9, .freeobj 13;1334;-0.055;0.001, .freeobj 5;1329, .crack 0;2;2, .crack 11;5;2
1650, .railstart 19;-35.2;-0.01;1035, .railend 21;-41, .railstart  21;-41.55;0;1035, .railend 22;-46.9;0;1037, .railstart 22;-47.1;0;1035, .railend 23;-53, .railstart 23;-53.25;0;1035, .rail 24;-58.5, .railend 3;-64.5, .railstart 3;-64.6;-0.05;34
1650, .railstart 25;-67.1;-0.05;35, .rail 26;-72;0;1040, .railend 27;-76, .railstart  27;-75.85;-0.05;1046, .crack 19;11;4, .freeobj 5;1033;-4;0;180, .freeobj 11;1030;-2.8;-0.7;90
1675, .rail 2;-15.5, .rail 4;-11.5, .rail 5;-21;-0.4;1020, .railstart 7;-23.1;-0.4;2001, .rail 11;-32.8;-0.4;1023, .rail 13;-39.5;-0.4, .freeobj 13;1334;-0.055;0.001, .freeobj 7;1331, .crack 0;2;2, .crack 11;7;2
1675, .railstart 16;-41.75;-0.4;2001, .rail 19;-46.5;-0.4;2001, .freeobj 16;1334, .freeobj 19;1336;-0.15, .railend 21;-58;-0.4, .railstart 21;-58.2;-0.4;1034, .railend 22;-63.0;-0.4, .railstart  22;-63.2;-0.4;1034, .railend 23;-68;-0.4, .railstart  23;-68.25;-0.4;1041
1675, .rail 24;-73.4;-0.4, .railend 3;-81;-0.4, .rail 25;-85;-0.4;34, .rail 26;-89;-0.4;34, .rail 27;-93;-0.4;38, .crack 16;11;4, .wall 5;1;100
1700, .rail 2;-14.2;0;2000, .rail 4;-10.2;0;2000, .rail 5;-23.5;-0.8;1026, .rail 7;-29.7;-0.8, .railstart 8;-27.7;-0.8;1026, .rail 11;-41;-0.8;1042, .rail 13;-48;-0.8, .freeobj 13;1334;-0.06;0.001, .freeobj 7;1331, .wall 2;-1;11, .crack 0;2;2, .crack 11;7;2
1700, .railstart 15;-50.4;-0.8;1034, .rail 16;-54.2;-0.8, .railstart 18;-57.05;-0.8;1040, .railend 19;-62;-0.8, .railstart  19;-62.25;-0.8;1034, .railstart 20;-64.85;-0.8;1036, .railend 21;-78;-0.8, .railend 22;-83;-0.8, .railend 23;-87.5;-0.8, .freeobj 16;1335
1700, .freeobj 11;1242;-3;-0.5
1700, .railend 24;-89;-0.8, .railend 25;-102.5;-0.8, .railend 26;-106.5;-0.8, .railend 27;-110.5;-0.8, .crack 15;11;5
1715, .freeobj 11;151;3;-0.7
1725, .rail 2;-13;0;2014, .rail 4;-9;0;2014, .rail 5;-25.5;-1.2, .rail 7;-37;-1.2, .rail 8;-29.5;-1.2, .railstart 9;-34.97;-1.2;1024, .rail 11;-50;-1.2, .railend 13;-58;-1.2, .railstart 13;-58.15;-1.2;1039, .railstart 14;-60.47;-1.2;1040, .freeobj 7;1330, .crack 0;2;2, .crack 7;5;3, .crack 11;7;2
1725, .rail 15;-64;-1.2, .rail 16;-68;-1.2;1034, .railstart 17;-70.4;-1.2;1038, .railend 18;-75.4;-1.2, .railstart 18;-75.0;-1.2;1038, .railend 19;-80.5;-1.2, .railstart 19;-80.6;-1.2;1034, .rail 20;-85.8;-1.2;1034, .crack 15;11;5
1740, .freeobj 11;1654;0;0;180
1745, .freeobj 11;603;-4;-2, .freeobj 11;601;7;-7
1750, .rail 2;-12.2;0;2013, .rail 4;-8.2;0;2013, .rail 5;-26.7;-1.8, .rail 7;-44.0;-1.8, .rail 8;-30.7;-1.8, .rail 9;-37.7;-1.8;1026, .rail 11;-58.5;-1.8, .railend 13;-70;-1.8, .railstart 13;-70.05;-1.8;1034, .rail 14;-74.5;-1.8;1034, .crack 0;2;2, .crack 7;5;3, .crack 11;7;2
1750, .rail 15;-78;-1.8, .rail 16;-82;-1.8, .railend 17;-86.5;-1.8, .railstart  17;-86.45;-1.8;1034, .railend 18;-91;-1.8, .railstart 18;-90.90;-1.8;1034, .railend 19;-100;-1.8, .railend 20;-106;-1.8, .crack 15;11;5
1760, .freeobj 15;1653, .freeobj 15;1655;14;-5;160, .freeobj 11;602;7;-3
1775, .rail 5;-27.2;-2.4;1033, .rail 7;-50.51;-2.4;1024, .rail 8;-31.2;-2.4;1033, .rail 9;-39.5;-2.4, .railstart 10;-48.65;-2.4;1033, .rail 11;-66.5;-2.4, .railend 13;-83.5;-2.4, .railend 14;-88.6;-2.4, .crack 0;2;2, .crack 7;5;3, .crack 11;7;2
1775, .railend 15;-93;-2.4, .railend 16;-97;-2.4, .railend 17;-102.3;-2.4, .railend 18;-106.5;-2.4
1800, .rail 7;-56.1, .rail 9;-40.5, .wallend 1, .wallend 2, .crack 0;2;2, .rail 10;-52.6;-2.4, .crack 11;7;2, .railend 11;-74, .crack 7;5;3, .dike 7;-1;0, .dike 10;-1;4, .wallend 5
1810, .freeobj 0;734, .crack 0;2;2, .crack 7;5;3
1825, .rail 7;-60.2;-2.4, .railtype 9;1033, .rail 10;-56.2;-2.4;1026, .wall 1;1;11, .wall 2;-1;11, .crack 0;2;2, .crack 7;5;3
1850, .rail 7;-63;-2.4;1033, .rail 10;-59;-2.4;1033, .crack 0;2;2, .crack 7;5;3
1868, .freeobj 10;18;0.3, .freeobj 7;18;0.3
1875, .rail 7;-65.2, .rail 10;-61.2, .crack 0;2;2, .crack 7;5;3, .freeobj 9;1654
1895, .freeobj 5;18;0.3, .freeobj 8;18;0.3, .freeobj 9;18;0.3
1900, .crack 0;2;2, .crack 7;5;3, .railend 5, .railend 7;-67.5, .railend 10;-63.5, .railend 8, .railend 9, .dikeend 7, .dikeend 10
1925, .crack 0;2;2
1950, .crack 0;2;2
1970, .freeobj 2;18;0.3, .freeobj 4;18;0.3
1975, .wallend 2, .railend 2, .railend 4



1800, .railend 6, .wallend 6, .railstart 3;15;-3.8;2001, .dike 3;-1;6
1825, .wall 3;1;37
1850, .rail 20;-93;0;1039, .rail 21;-89;0;1039, .wall 21;1;114, .wall 20;-1;114, .rail 3;15;0, .rail 30;34.5;0
1875, .rail 20;-76.5;0;1039, .rail 21;-72.5;0;1039, .rail 3;15;5, .rail 30;34.5;5
1900, .railend 20;-62.38;-0.01, .rail 20;-62.5;0, .railend 21;-58.38;-0.01, .rail 21;-58.5;0
1943, .freeobj 0;602;-23;-6
1945, .freeobj 0;13;-30;-2.8
1925, .railend 20;-50.73;-0.01, .rail 20;-50.8, .railend 21;-46.73;-0.01, .rail 21;-46.8
1950, .railend 20;-40.95;-0.01, .rail 20;-41;0, .railend 21;-36.95;-0.01, .rail 21;-37;0, .railend 30, .wallend 30, .dikeend 30, .wall 1;1;11, .wall 20;-1;11, .wallend 21, .dike 21;1;4
1975, .railend 20;-32.95;-0.01, .rail 20;-33;0, .railend 21;-28.95;-0.01, .rail 21;-29;0, .freeobj 0;1020;-4, .SigF 3;1;-4.1;4.5, .Section 0;2;4, 
2000, .curve 0, .railtype 0;2000, .railtype 1;2000, .rail 20;-26.8;0;2008, .rail 21;-22.8;0;2008
2025, .rail 20;-22;0;2000, .rail 21;-18;0;2000, .rail 3;12;3, .freeobj 20;1023;1, .freeobj 20;1002;0.5;6.3, .freeobj 20;1030;8;-0.8;-90, .freeobj 20;1002;-2;6.3
2050, .rail 20;-18, .rail 21;-14;0;2007, .rail 3;18;1;2001, .freeobj 1;602;10;-4
2060, .freeobj 0;366;-4;-0.8;-100, 
2075, .rail 20;-14, .rail 3;17;1;2001, .rail 21;-10;0;2000
2091, .freeobj 20;3;0;-0.01, 
2100, .rail 20;-10, .rail 3;14;0;2001, .rail 21;-5;0;2001, .railstart 5;-12;-0.1;2001, .wallend 20, .dikeend 21, .wall 5;-1;103, .dike 5;1;4
2125, .railend 21;0;0, .railtype 0;2001
2115, .freeobj 5;13;-6;-1;95
2125, .rail 20;-6, .rail 3;11;-1;2001, .rail 5;-10, .freeobj 5;13;-4;-0.3;95, 
2126, .freeobj 20;3;0;-0.01, 
2135, .freeobj 20;1031;-3;-0.8;90, 
2140, .freeobj 5;13;-5;-0.3;83, .freeobj 20;1030;-6;-0.8;90, 
2150, .freeobj 0;1362;0;0.01;180, .rail 20;-2;0;2001, .rail 3;10, .rail 5;-8, .freeobj 5;13;-4;-0.3;95, .freeobj 20;1031;-3;-0.8;-90, 
2160, .freeobj 5;13;-4;-0.3;95, 
2175, .curve 0;0, .railtype 0;2000, .rail 1;4;0;2000, .wall 1;1;11, .rail 5;-7, .freeobj 0;1339;0;0;180, .freeobj 5;13;-5;-0.3;83, .railend 20;0
2185, .freeobj 5;13;-4;-0.3;95, 
2200, .railtype 0;2001, .freeobj 0;1346, .rail 3;12;0, .dike 3;-1;6, .wall 3;1;37, .railstart 4;0;0;2001, .rail 5;-6, .freeobj 5;13;-5;-0.3;83, 
2210, .freeobj 5;13;-4;-0.3;95, .freeobj 0;1030;-4;-0.8;90, 
2225, .rail 3;15;3;2001, .railend 4;1, .rail 5;-4, 
2245, .freeobj 1;1030;4;-0.8;-90, 
2250, .railtype 0;2000, .rail 3;15;5;2001, .railend 5;0, .dikeend 5, .wallend 5, .wall 0;-1;11, .railtype 1;2001
2275, .pitch 12.987, .dikeend 1
2285, .freeobj 1;1020;4;0;180, .freeobj 1;1005;4.1;4.7;180, .freeobj 1;1010;4.1;4.7;180, 
2300, .railtype 1;2000, .freeobj 1;1346;0;0;179.4;0.37, .curve 1175;6, .railtype 0;2011, .railtype 1;2011, .railstart 4;-30;-5;2001, 
2310, .freeobj 0;606;15;0;0;0;-10
2380, .freeobj 0;1030;-5;-0.8;90, 
2400, .Beacon 44000;0;1;0
2420, .freeobj 4;358;0;0;90
2425, .freeobj 4;365, 
2427.01, .freeobj 4;13;12;-1, 
2430, .freeobj 4;602;3;-2, 
2440, .freeobj 0;176;4;0;180
2445, .freeobj 4;358;0;0;90, 
2454, .freeobj 4;360;8;-0.2;90, 
2470, .freeobj 4;358;0;0;90, 
2475, .freeobj 4;365, 
2480, .freeobj 0;601;15;-3
2495, .freeobj 4;358;0;0;90, 
2520, .freeobj 4;358;0;0;90, .freeobj 4;359;12, 
2525, .freeobj 4;365, 
2540, .freeobj 4;358;0;0;90, 
2570, .freeobj 4;358;0;0;90, .freeobj 0;1030;-5;-0.8;90, 
2575, .rail 4;-50, .wall 4;1;36, .freeobj 0;1020;-4, .SigF 3;1;-4.1;4.5, .Section 0;2;4, 
2600, .ground 0, .curve 0, .railtype 0;2000, .railtype 1;2000, .railstart 2;-20;0;23, .wall 2;-1;37, .railend 4, .wallend 4
2650, .rail 2;-20, .rail 3;15;4, 
2650, .pitch 12.048
2675, .rail 2;-16, .rail 3;15;3, 
2695, .freeobj 0;614;-8;-2.5;55
2700, .ground 25, .wallend 0, .rail 2;-13, .dike 2;0;4, 
2700, .curve 1500;6, .railtype 0;2011, .railtype 1;2011, .rail 3;15;2, 
2725, .curve -1300;-6, .railtype 0;2012, .rail 2;-10;-2, .railtype 2;24, .rail 3;15;1, 
2750, .curve 1500;6, .railtype 0;2011, .rail 1;5;0;2010, .wallend 1, .rail 2;-7;-3.479, .wallend 2, .railend 3, .dikeend 3, .wallend 3
2758, .freeobj 0;13;-6;-4.5, 
2762.5, .freeobj 0;247, 
2775, .curve 1500;6, .rail 1;5.5;0;2010, .railend 2, .railstart 8;10;-15;2001, .dike 8;1;0, .dikeend 2, .freeobj 0;249;-3.4;0;-75, .railstart 6;-20;-3.4;2001, .wall 6;-1;9
2786, .freeobj 0;39;-7;-3.5;15, 
2797, .freeobj 0;13;-12;-1;20, 
2800, .rail 1;5;0;2009, .wall 1;1;11, .railstart 2;-10.5;-0.8;2001, .wall 2;-1;102, .rail 6;-31, 
2805, .freeobj 0;13;-12;-1;20, 
2815, .freeobj 0;13;-5;-1;200, .freeobj 6;500;1.92;-0.01;-10, 

2825, .rail 1;4, .freeobj 0;248, .freeobj 0;603;-7;-3, .railstart 7;-16;-1.4;2001, .wall 7;-1;39, .rail 6;-26.3;-3.4;21, 
2830, .freeobj 0;602;-8;-1, 
2850, .rail 2;-5;-0.4, .rail 7;-19, .freeobj 7;143;0;-0.5;180, .freeobj 7;13;0.5;-0.5, 
2860, .freeobj 7;13;0.5;-2.5, 
2870, .freeobj 7;13;10;-2.8;180, 
2875, .railtype 1;2011, .wallend 1, .railend 2;-0.5;0, .wallend 2, .rail 6;-30;-3.4, .rail 7;-22, .railend 8, .dikeend 8, .freeobj 0;1030;-6;-0.8;90
2880, .freeobj 7;13;0.5;-2, 
2900, .freeobj 0;250, .wall 0;-1;11, .wall 1;1;11, .railstart 4;95;-3.4;21, .wall 4;0;9, .rail 6;-35;-3.4, .rail 7;-25;-1.4;25, 
2924, .freeobj 7;363;-3;-1;180, 
2925, .rail 4;85;-3.4, .railstart 5;30;-3.4;21, .freeobj 5;13;10;-0.4, .freeobj 5;13;20;-0.4, .freeobj 5;13;30;-0.4, 
2925, .rail 7;-25;-2.4, .wallend 7, .freeobj 7;40, 
2935, .freeobj 5;13;15;-0.4, .freeobj 7;13;7;-2;30, 
2945, .freeobj 0;$Rnd(359;360);-13;-3.6;90, 
2949, .freeobj 5;361;3;-0.4;90, .freeobj 5;602;13;-0.4, 
2950, .curve 0, .railtype 0;2000, .railtype 1;2000, .wall 5;-1;9, .rail 6;-33;-3.39;26, .wall 6;1;9, .railend 7;-35.5;-3.9;21, .railstart 8;-33;-3.39;20, .wall 8;-1;9
2950, .rail 4;75;-3.4, 
2967, .freeobj 0;367;0;-3.5, 
2975, .freeobj 0;13;-12;-5, .rail 4;65;-3.4, .wall 4;1;9, .rail 5;40;-3.4, .rail 8;-45, 
2976, .freeobj 6;364;2.5;0;-26, 
2984, .freeobj 0;367;2;-3.5, 
3000, .freeobj 0;13;-10;-5, .rail 4;55;-3.4, .wall 4;0;9, .rail 5;55, .wallend 5, .rail 8;-54;-3.39;21, .railstart 9;-32;-3.4;2001, .wall 9;-1;37, .freeobj 0;13;9;-5
3014, .freeobj 0;367;14;-3.5, 
3025, .railend 5, .freeobj 0;360;18;-3.6, 
3040, .freeobj 0;367;14;-3.5, 
3045, .freeobj 0;$Rnd(359;360);-13;-3.4, 
3050, .rail 4;50;-3.4, .freeobj 0;603;35;-5, 
3062, .freeobj 0;367;14;-3.5, 
3068, .freeobj 0;13;25;-3.6;15, 
3075, .freeobj 0;182;25;-3.6;20, .freeobj 0;13;15;-3.6, 
3085, .freeobj 0;367;13;-3.5, 
3100, .freeobj 0;601;-10;-8, .rail 4;45;-3.4, .railend 8, .wallend 8, .railend 9, .wallend 9, 
3113, .freeobj 0;367;9;-3.5, 
3125, .rail 6;-40;-3.4;20, .freeobj 0;$Rnd(359;360);15;-3.6;90, 
3134, .freeobj 0;367;9;-3.5, 
3140, .freeobj 0;602;12;-3.5;0;0;20, 
3150, .freeobj 0;$Rnd(359;360);-16;-3.4, .rail 4;40;-3.4, 
3150.1, .freeobj 0;367;5;-3.5, 
3168, .freeobj 4;83;0.01, 
3170, .freeobj 0;602;-10;-13, 
3175, .wallend 0, .wallend 1, .wall 4;1;9, .wall 6;-1;9, .rail 6;-45;-3.4, .freeobj 0;367;5;-3.5, 
3180, .freeobj 1;1030;5;-1.2;-90, 
3192.99, .freeobj 0;1627;-10;-4, .freeobj 0;367;5;-3.5, 
3200, .wall 0;-1;11, .wall 1;1;11, .wall 4;0;9, .dike 6;1;5, .freeobj 0;246, .freeobj 0;145;-15;-4, .freeobj 6;84;4;-0.8
3202, .freeobj 0;13;-15;-4, .freeobj 0;367;5;-3.5, 
3210, .freeobj 0;13;19;-3.6;-30, 
3215, .freeobj 0;358;-15;-3.5;90, .freeobj 6;84;4;-0.8, .freeobj 1;1020;4;0;180, .freeobj 1;1003;4.1;4.5;180, 
3225, .limit 88, .freeobj 1;1030;4;-0.8;-90, .freeobj 0;1232;-2, .freeobj 0;367;5;-3.5, .railtype 6;21
3230, .freeobj 6;84;4;-1, 
3235, .freeobj 0;358;-15;-3.5;90, .freeobj 6;603;9;-1, 
3250, .rail 4;40;-3.4, .freeobj 0;367;5;-3.5, .rail 6;-42;-2.4, .railstart 7;28.01;-4;2001, .dike 7;-1;5, 
3255, .freeobj 0;358;-15;-3.5;90, 
3275, .rail 4;40;-2, .rail 6;-42;-1.4, .rail 7;28.01;-2, .freeobj 0;367;5;-5.5;0;0;-10, 
3276, .freeobj 0;601;14;-12, 
3300, .curve -1100;-8, .railtype 0;2012, .railtype 1;2012, .ground 0, .railend 7;28.01;0, .dikeend 7, 
3300, .rail 6;-42;0, .wallend 4, .rail 4;40;0, .dike 0;-1;7, 
3305, .freeobj 0;180;-14;-0.5, 
3310, .freeobj 0;362;-8;-0.5;5, 
3315, .freeobj 0;83;10;0;90, .freeobj 0;83;45;0;90, .freeobj 0;154, .freeobj 0;154;30, 
3325, .dike 0;-1;8, .freeobj 0;136;-14;-0.5;20, 
3333, .freeobj 0;154;0.5, .freeobj 0;154;30.5, 
3335, .freeobj 0;13;9, 
3350, .curve -700;-12, .railtype 0;2010, .railtype 1;2010, .dikeend 0, .railstart 5;-8;0;2001, .wall 5;-1;37, .rail 6;-38, .dikeend 6
3350, .freeobj 0;83;10;0;90, .freeobj 0;83;45;0;90, .freeobj 0;83;35;0;-90, .freeobj 0;83;70;0;-90, .freeobj 0;154, .freeobj 0;154;30, 
3375, .freeobj 0;13;9, .rail 4;35;0;22, .wall 4;1;37, .rail 6;-31, .freeobj 0;603;-8;-2, 
3390, .freeobj 0;13;-12;0;90, 
3400, .freeobj 0;176;4;0;180, .rail 4;22, .freeobj 4;182;2.5;0;90, 
3405, .freeobj 0;13;-12;0;110, 
3420, .freeobj 0;13;-12;-1;90, 
3425, .rail 4;14;0;2001, .dike 4;-1;6, .dike 5;1;6, 
3430, .freeobj 0;13;-12;0;95, .freeobj 1;1030;4.2;-0.8;-90, 
3440, .freeobj 4;602;-5;-3, .freeobj 0;13;-13, .freeobj 0;13;-12;0;100, 
3450, .curve -500;-17, .railtype 0;2008, .railtype 1;2008, .railstart 2;3;-6;2001, .wall 2;-1;38, .railstart 3;0;-6;2001, .wall 3;1;38, .rail 4;18;1.5, .rail 5;-12;1.5, .wall 0;-1;100, .wall 1;1;100
3475, .rail 2;1;-4, .rail 3;3.5;-4, .rail 4;20;3.7, .rail 5;-14;3.7, .railend 6, .wallend 6, 
3500, .curve -700;-12, .railtype 0;2010, .railtype 1;2010, .rail 2;-1;-2, .rail 3;4.5;-2, .rail 4;22;5.5, .rail 5;-16;5.5, 
3525, .rail 2;-3;0, .rail 3;7;0, .rail 4;26;7.5, .rail 5;-18;7.5, 
3550, .curve -1100;-8, .railtype 0;2012, .railtype 1;2012, .rail 2;-5;2, .rail 3;10;2, .rail 4;30;9.5, .rail 5;-22;9.5, .freeobj 4;13;-8;-2, 
3550, .pitch 13.888
3585, .freeobj 4;603;-4;-2, 
3600, .curve 625;-25, .railtype 0;2009, .railtype 1;2009, .freeobj 4;13;-8;-2;10, 
3635, .freeobj 1;1030;4;-0.8;-90, 
3637, .freeobj 1;1030;4;-0.8;-90, 
3650, .curve 0, .railtype 0;2000, .railtype 1;2000, .rail 2;-6.5;5, .rail 3;11.5;5, .rail 4;30;12, .rail 5;-22;12, .freeobj 4;601;-8;-3, 
3650, .Fog 0;100;90;90;90, 


3675, .wall 0;-1;5, .wall 1;1;5, .railtype 0;15, .railtype 1;15, .railend 2, .wallend 2, .railend 3, .wallend 3, .freeobj 0;230;-1.5, 
3675, .freeobj 0;153, .brightness 255, 
3675, .freeobj 0;153, .brightness 255, 
3675, .pitch 2.881
3685, .freeobj 5;602;4;-1, 
3700, .railend 4, .wallend 4, .dikeend 4, .railend 5, .wallend 5, .dikeend 5, 
3725, .brightness 80, 
3775, .Fog 0;200;90;90;90, 
3925, .fog 0;0, 
3949.1, .freeobj 0;231;5.2;0;180
3950, .wall 0;-1;3, .wall 1;1;3, .railtype 0;2000, .railtype 1;2000, .railstart 31;20;6;21, .wall 31;1;9
3950, .brightness 150, 
3950, .pitch 12.987
3960, .freeobj 0;356, 
4000, .wallend 0, .wallend 1, .railend 1, .brightness 255, 
